{"last": {
  "22": 0.5099999904632568,
  "23": 0.5,
  "24": 0.5,
  "25": 0,
  "26": 0.5,
  "27": 0.41999998688697815,
  "10": 0.14000000059604645,
  "11": 0.5,
  "12": 0.699999988079071,
  "13": 0.6299999952316284,
  "14": 0.25999999046325684,
  "15": 0.5,
  "16": 0.23999999463558197,
  "17": 0.8799999952316284,
  "18": 1,
  "19": 0.17999999225139618,
  "0": 0.19999998807907104,
  "1": 0.11999999731779099,
  "2": 0,
  "3": 0.19999998807907104,
  "4": 0.029999999329447746,
  "5": 0.029999999329447746,
  "6": 0.25,
  "Seed": 7798,
  "7": 0.25,
  "8": 0.75,
  "9": 1,
  "20": 0.23999999463558197,
  "21": 0.25
}}