{"last": {
  "22": 0.09999999403953552,
  "23": 0.5,
  "24": 0.5,
  "25": 0,
  "26": 0.5,
  "27": 0,
  "10": 0.22999998927116394,
  "11": 0.7199999690055847,
  "12": 0.5999999642372131,
  "13": 0.6499999761581421,
  "14": 0.3999999761581421,
  "15": 0.5,
  "16": 0.20999999344348907,
  "17": 0.7899999618530273,
  "18": 1,
  "19": 0.029999999329447746,
  "0": 0.4899999797344208,
  "1": 0.22999998927116394,
  "2": 0,
  "3": 0.19999998807907104,
  "4": 0.05999999865889549,
  "5": 0.03999999910593033,
  "6": 0.25,
  "Seed": 29286100,
  "7": 0.25,
  "8": 0.7400000095367432,
  "9": 0.9899999499320984,
  "20": 0.029999999329447746,
  "21": 0.9899999499320984
}}